id,url
[中文][まひるの影郎] むしゃぶりお姉さん(威猛淫姿的大姐姐)[177P],http://img.177pica.com/uploads/2015/05d/000.jpg
[中文][まひるの影郎] むしゃぶりお姉さん(威猛淫姿的大姐姐)[177P],http://img.177pica.com/uploads/2015/05d/00116.jpg
[中文][まひるの影郎] むしゃぶりお姉さん(威猛淫姿的大姐姐)[177P],http://img.177pica.com/uploads/2015/05d/00216.jpg
[中文][まひるの影郎] むしゃぶりお姉さん(威猛淫姿的大姐姐)[177P],http://img.177pica.com/uploads/2015/05d/00316.jpg
[中文][まひるの影郎] むしゃぶりお姉さん(威猛淫姿的大姐姐)[177P],http://img.177pica.com/uploads/2015/05d/00416.jpg
[中文][まひるの影郎] むしゃぶりお姉さん(威猛淫姿的大姐姐)[177P],http://img.177pica.com/uploads/2015/05d/00516.jpg
[中文][まひるの影郎] むしゃぶりお姉さん(威猛淫姿的大姐姐)[177P],http://img.177pica.com/uploads/2015/05d/00616.jpg
[中文][まひるの影郎] むしゃぶりお姉さん(威猛淫姿的大姐姐)[177P],http://img.177pica.com/uploads/2015/05d/00716.jpg
[中文][まひるの影郎] むしゃぶりお姉さん(威猛淫姿的大姐姐)[177P],http://img.177pica.com/uploads/2015/05d/00816.jpg
[中文][まひるの影郎] むしゃぶりお姉さん(威猛淫姿的大姐姐)[177P],http://img.177pica.com/uploads/2015/05d/00916.jpg
[中文][まひるの影郎] むしゃぶりお姉さん(威猛淫姿的大姐姐)[177P],http://img.177pica.com/uploads/2015/05d/01016.jpg
[中文][まひるの影郎] むしゃぶりお姉さん(威猛淫姿的大姐姐)[177P],http://img.177pica.com/uploads/2015/05d/01116.jpg
[中文][まひるの影郎] むしゃぶりお姉さん(威猛淫姿的大姐姐)[177P],http://img.177pica.com/uploads/2015/05d/01216.jpg
[中文][まひるの影郎] むしゃぶりお姉さん(威猛淫姿的大姐姐)[177P],http://img.177pica.com/uploads/2015/05d/01316.jpg
[中文][まひるの影郎] むしゃぶりお姉さん(威猛淫姿的大姐姐)[177P],http://img.177pica.com/uploads/2015/05d/01416.jpg
[中文][まひるの影郎] むしゃぶりお姉さん(威猛淫姿的大姐姐)[177P],http://img.177pica.com/uploads/2015/05d/01516.jpg
[中文][まひるの影郎] むしゃぶりお姉さん(威猛淫姿的大姐姐)[177P],http://img.177pica.com/uploads/2015/05d/01616.jpg
[中文][まひるの影郎] むしゃぶりお姉さん(威猛淫姿的大姐姐)[177P],http://img.177pica.com/uploads/2015/05d/01716.jpg
[中文][まひるの影郎] むしゃぶりお姉さん(威猛淫姿的大姐姐)[177P],http://img.177pica.com/uploads/2015/05d/01816.jpg
[中文][まひるの影郎] むしゃぶりお姉さん(威猛淫姿的大姐姐)[177P],http://img.177pica.com/uploads/2015/05d/01916.jpg
[中文][まひるの影郎] むしゃぶりお姉さん(威猛淫姿的大姐姐)[177P],http://img.177pica.com/uploads/2015/05d/02016.jpg
[中文][まひるの影郎] むしゃぶりお姉さん(威猛淫姿的大姐姐)[177P],http://img.177pica.com/uploads/2015/05d/02116.jpg
[中文][まひるの影郎] むしゃぶりお姉さん(威猛淫姿的大姐姐)[177P],http://img.177pica.com/uploads/2015/05d/02216.jpg
[中文][まひるの影郎] むしゃぶりお姉さん(威猛淫姿的大姐姐)[177P],http://img.177pica.com/uploads/2015/05d/02316.jpg
[中文][まひるの影郎] むしゃぶりお姉さん(威猛淫姿的大姐姐)[177P],http://img.177pica.com/uploads/2015/05d/02416.jpg
[中文][まひるの影郎] むしゃぶりお姉さん(威猛淫姿的大姐姐)[177P],http://img.177pica.com/uploads/2015/05d/02516.jpg
[中文][まひるの影郎] むしゃぶりお姉さん(威猛淫姿的大姐姐)[177P],http://img.177pica.com/uploads/2015/05d/02616.jpg
[中文][まひるの影郎] むしゃぶりお姉さん(威猛淫姿的大姐姐)[177P],http://img.177pica.com/uploads/2015/05d/02716.jpg
[中文][まひるの影郎] むしゃぶりお姉さん(威猛淫姿的大姐姐)[177P],http://img.177pica.com/uploads/2015/05d/02816.jpg
[中文][まひるの影郎] むしゃぶりお姉さん(威猛淫姿的大姐姐)[177P],http://img.177pica.com/uploads/2015/05d/02916.jpg
[中文][まひるの影郎] むしゃぶりお姉さん(威猛淫姿的大姐姐)[177P],http://img.177pica.com/uploads/2015/05d/03016.jpg
[中文][まひるの影郎] むしゃぶりお姉さん(威猛淫姿的大姐姐)[177P],http://img.177pica.com/uploads/2015/05d/03116.jpg
[中文][まひるの影郎] むしゃぶりお姉さん(威猛淫姿的大姐姐)[177P],http://img.177pica.com/uploads/2015/05d/03216.jpg
[中文][まひるの影郎] むしゃぶりお姉さん(威猛淫姿的大姐姐)[177P],http://img.177pica.com/uploads/2015/05d/03316.jpg
[中文][まひるの影郎] むしゃぶりお姉さん(威猛淫姿的大姐姐)[177P],http://img.177pica.com/uploads/2015/05d/03416.jpg
[中文][まひるの影郎] むしゃぶりお姉さん(威猛淫姿的大姐姐)[177P],http://img.177pica.com/uploads/2015/05d/03516.jpg
[中文][まひるの影郎] むしゃぶりお姉さん(威猛淫姿的大姐姐)[177P],http://img.177pica.com/uploads/2015/05d/03616.jpg
[中文][まひるの影郎] むしゃぶりお姉さん(威猛淫姿的大姐姐)[177P],http://img.177pica.com/uploads/2015/05d/03716.jpg
[中文][まひるの影郎] むしゃぶりお姉さん(威猛淫姿的大姐姐)[177P],http://img.177pica.com/uploads/2015/05d/03816.jpg
[中文][まひるの影郎] むしゃぶりお姉さん(威猛淫姿的大姐姐)[177P],http://img.177pica.com/uploads/2015/05d/03916.jpg
[中文][まひるの影郎] むしゃぶりお姉さん(威猛淫姿的大姐姐)[177P],http://img.177pica.com/uploads/2015/05d/04016.jpg
[中文][まひるの影郎] むしゃぶりお姉さん(威猛淫姿的大姐姐)[177P],http://img.177pica.com/uploads/2015/05d/04116.jpg
[中文][まひるの影郎] むしゃぶりお姉さん(威猛淫姿的大姐姐)[177P],http://img.177pica.com/uploads/2015/05d/04216.jpg
[中文][まひるの影郎] むしゃぶりお姉さん(威猛淫姿的大姐姐)[177P],http://img.177pica.com/uploads/2015/05d/04316.jpg
[中文][まひるの影郎] むしゃぶりお姉さん(威猛淫姿的大姐姐)[177P],http://img.177pica.com/uploads/2015/05d/04416.jpg
[中文][まひるの影郎] むしゃぶりお姉さん(威猛淫姿的大姐姐)[177P],http://img.177pica.com/uploads/2015/05d/04516.jpg
[中文][まひるの影郎] むしゃぶりお姉さん(威猛淫姿的大姐姐)[177P],http://img.177pica.com/uploads/2015/05d/04616.jpg
[中文][まひるの影郎] むしゃぶりお姉さん(威猛淫姿的大姐姐)[177P],http://img.177pica.com/uploads/2015/05d/04716.jpg
[中文][まひるの影郎] むしゃぶりお姉さん(威猛淫姿的大姐姐)[177P],http://img.177pica.com/uploads/2015/05d/04816.jpg
[中文][まひるの影郎] むしゃぶりお姉さん(威猛淫姿的大姐姐)[177P],http://img.177pica.com/uploads/2015/05d/04916.jpg
[中文][まひるの影郎] むしゃぶりお姉さん(威猛淫姿的大姐姐)[177P],http://img.177pica.com/uploads/2015/05d/05016.jpg
[中文][まひるの影郎] むしゃぶりお姉さん(威猛淫姿的大姐姐)[177P],http://img.177pica.com/uploads/2015/05d/05116.jpg
[中文][まひるの影郎] むしゃぶりお姉さん(威猛淫姿的大姐姐)[177P],http://img.177pica.com/uploads/2015/05d/05216.jpg
[中文][まひるの影郎] むしゃぶりお姉さん(威猛淫姿的大姐姐)[177P],http://img.177pica.com/uploads/2015/05d/05316.jpg
[中文][まひるの影郎] むしゃぶりお姉さん(威猛淫姿的大姐姐)[177P],http://img.177pica.com/uploads/2015/05d/05416.jpg
[中文][まひるの影郎] むしゃぶりお姉さん(威猛淫姿的大姐姐)[177P],http://img.177pica.com/uploads/2015/05d/05516.jpg
[中文][まひるの影郎] むしゃぶりお姉さん(威猛淫姿的大姐姐)[177P],http://img.177pica.com/uploads/2015/05d/05616.jpg
[中文][まひるの影郎] むしゃぶりお姉さん(威猛淫姿的大姐姐)[177P],http://img.177pica.com/uploads/2015/05d/05716.jpg
[中文][まひるの影郎] むしゃぶりお姉さん(威猛淫姿的大姐姐)[177P],http://img.177pica.com/uploads/2015/05d/05816.jpg
[中文][まひるの影郎] むしゃぶりお姉さん(威猛淫姿的大姐姐)[177P],http://img.177pica.com/uploads/2015/05d/05916.jpg
[中文][まひるの影郎] むしゃぶりお姉さん(威猛淫姿的大姐姐)[177P],http://img.177pica.com/uploads/2015/05d/06016.jpg
[中文][まひるの影郎] むしゃぶりお姉さん(威猛淫姿的大姐姐)[177P],http://img.177pica.com/uploads/2015/05d/06116.jpg
[中文][まひるの影郎] むしゃぶりお姉さん(威猛淫姿的大姐姐)[177P],http://img.177pica.com/uploads/2015/05d/06216.jpg
[中文][まひるの影郎] むしゃぶりお姉さん(威猛淫姿的大姐姐)[177P],http://img.177pica.com/uploads/2015/05d/06316.jpg
[中文][まひるの影郎] むしゃぶりお姉さん(威猛淫姿的大姐姐)[177P],http://img.177pica.com/uploads/2015/05d/06416.jpg
[中文][まひるの影郎] むしゃぶりお姉さん(威猛淫姿的大姐姐)[177P],http://img.177pica.com/uploads/2015/05d/06516.jpg
[中文][まひるの影郎] むしゃぶりお姉さん(威猛淫姿的大姐姐)[177P],http://img.177pica.com/uploads/2015/05d/06616.jpg
[中文][まひるの影郎] むしゃぶりお姉さん(威猛淫姿的大姐姐)[177P],http://img.177pica.com/uploads/2015/05d/06716.jpg
[中文][まひるの影郎] むしゃぶりお姉さん(威猛淫姿的大姐姐)[177P],http://img.177pica.com/uploads/2015/05d/06816.jpg
[中文][まひるの影郎] むしゃぶりお姉さん(威猛淫姿的大姐姐)[177P],http://img.177pica.com/uploads/2015/05d/06916.jpg
[中文][まひるの影郎] むしゃぶりお姉さん(威猛淫姿的大姐姐)[177P],http://img.177pica.com/uploads/2015/05d/07016.jpg
[中文][まひるの影郎] むしゃぶりお姉さん(威猛淫姿的大姐姐)[177P],http://img.177pica.com/uploads/2015/05d/07116.jpg
[中文][まひるの影郎] むしゃぶりお姉さん(威猛淫姿的大姐姐)[177P],http://img.177pica.com/uploads/2015/05d/07216.jpg
[中文][まひるの影郎] むしゃぶりお姉さん(威猛淫姿的大姐姐)[177P],http://img.177pica.com/uploads/2015/05d/07316.jpg
[中文][まひるの影郎] むしゃぶりお姉さん(威猛淫姿的大姐姐)[177P],http://img.177pica.com/uploads/2015/05d/07416.jpg
[中文][まひるの影郎] むしゃぶりお姉さん(威猛淫姿的大姐姐)[177P],http://img.177pica.com/uploads/2015/05d/07516.jpg
[中文][まひるの影郎] むしゃぶりお姉さん(威猛淫姿的大姐姐)[177P],http://img.177pica.com/uploads/2015/05d/07616.jpg
[中文][まひるの影郎] むしゃぶりお姉さん(威猛淫姿的大姐姐)[177P],http://img.177pica.com/uploads/2015/05d/07716.jpg
[中文][まひるの影郎] むしゃぶりお姉さん(威猛淫姿的大姐姐)[177P],http://img.177pica.com/uploads/2015/05d/07816.jpg
[中文][まひるの影郎] むしゃぶりお姉さん(威猛淫姿的大姐姐)[177P],http://img.177pica.com/uploads/2015/05d/07916.jpg
[中文][まひるの影郎] むしゃぶりお姉さん(威猛淫姿的大姐姐)[177P],http://img.177pica.com/uploads/2015/05d/08016.jpg
[中文][まひるの影郎] むしゃぶりお姉さん(威猛淫姿的大姐姐)[177P],http://img.177pica.com/uploads/2015/05d/08116.jpg
[中文][まひるの影郎] むしゃぶりお姉さん(威猛淫姿的大姐姐)[177P],http://img.177pica.com/uploads/2015/05d/08216.jpg
[中文][まひるの影郎] むしゃぶりお姉さん(威猛淫姿的大姐姐)[177P],http://img.177pica.com/uploads/2015/05d/08316.jpg
[中文][まひるの影郎] むしゃぶりお姉さん(威猛淫姿的大姐姐)[177P],http://img.177pica.com/uploads/2015/05d/08416.jpg
[中文][まひるの影郎] むしゃぶりお姉さん(威猛淫姿的大姐姐)[177P],http://img.177pica.com/uploads/2015/05d/08515.jpg
[中文][まひるの影郎] むしゃぶりお姉さん(威猛淫姿的大姐姐)[177P],http://img.177pica.com/uploads/2015/05d/08615.jpg
[中文][まひるの影郎] むしゃぶりお姉さん(威猛淫姿的大姐姐)[177P],http://img.177pica.com/uploads/2015/05d/08715.jpg
[中文][まひるの影郎] むしゃぶりお姉さん(威猛淫姿的大姐姐)[177P],http://img.177pica.com/uploads/2015/05d/08815.jpg
[中文][まひるの影郎] むしゃぶりお姉さん(威猛淫姿的大姐姐)[177P],http://img.177pica.com/uploads/2015/05d/08915.jpg
[中文][まひるの影郎] むしゃぶりお姉さん(威猛淫姿的大姐姐)[177P],http://img.177pica.com/uploads/2015/05d/09015.jpg
[中文][まひるの影郎] むしゃぶりお姉さん(威猛淫姿的大姐姐)[177P],http://img.177pica.com/uploads/2015/05d/09115.jpg
[中文][まひるの影郎] むしゃぶりお姉さん(威猛淫姿的大姐姐)[177P],http://img.177pica.com/uploads/2015/05d/09215.jpg
[中文][まひるの影郎] むしゃぶりお姉さん(威猛淫姿的大姐姐)[177P],http://img.177pica.com/uploads/2015/05d/09315.jpg
[中文][まひるの影郎] むしゃぶりお姉さん(威猛淫姿的大姐姐)[177P],http://img.177pica.com/uploads/2015/05d/09415.jpg
[中文][まひるの影郎] むしゃぶりお姉さん(威猛淫姿的大姐姐)[177P],http://img.177pica.com/uploads/2015/05d/09515.jpg
[中文][まひるの影郎] むしゃぶりお姉さん(威猛淫姿的大姐姐)[177P],http://img.177pica.com/uploads/2015/05d/09615.jpg
[中文][まひるの影郎] むしゃぶりお姉さん(威猛淫姿的大姐姐)[177P],http://img.177pica.com/uploads/2015/05d/09715.jpg
[中文][まひるの影郎] むしゃぶりお姉さん(威猛淫姿的大姐姐)[177P],http://img.177pica.com/uploads/2015/05d/09815.jpg
[中文][まひるの影郎] むしゃぶりお姉さん(威猛淫姿的大姐姐)[177P],http://img.177pica.com/uploads/2015/05d/09915.jpg
[中文][まひるの影郎] むしゃぶりお姉さん(威猛淫姿的大姐姐)[177P],http://img.177pica.com/uploads/2015/05d/10015.jpg
[中文][まひるの影郎] むしゃぶりお姉さん(威猛淫姿的大姐姐)[177P],http://img.177pica.com/uploads/2015/05d/10115.jpg
[中文][まひるの影郎] むしゃぶりお姉さん(威猛淫姿的大姐姐)[177P],http://img.177pica.com/uploads/2015/05d/10215.jpg
[中文][まひるの影郎] むしゃぶりお姉さん(威猛淫姿的大姐姐)[177P],http://img.177pica.com/uploads/2015/05d/10315.jpg
[中文][まひるの影郎] むしゃぶりお姉さん(威猛淫姿的大姐姐)[177P],http://img.177pica.com/uploads/2015/05d/10415.jpg
[中文][まひるの影郎] むしゃぶりお姉さん(威猛淫姿的大姐姐)[177P],http://img.177pica.com/uploads/2015/05d/10515.jpg
[中文][まひるの影郎] むしゃぶりお姉さん(威猛淫姿的大姐姐)[177P],http://img.177pica.com/uploads/2015/05d/10615.jpg
[中文][まひるの影郎] むしゃぶりお姉さん(威猛淫姿的大姐姐)[177P],http://img.177pica.com/uploads/2015/05d/10715.jpg
[中文][まひるの影郎] むしゃぶりお姉さん(威猛淫姿的大姐姐)[177P],http://img.177pica.com/uploads/2015/05d/10815.jpg
[中文][まひるの影郎] むしゃぶりお姉さん(威猛淫姿的大姐姐)[177P],http://img.177pica.com/uploads/2015/05d/10914.jpg
[中文][まひるの影郎] むしゃぶりお姉さん(威猛淫姿的大姐姐)[177P],http://img.177pica.com/uploads/2015/05d/11014.jpg
[中文][まひるの影郎] むしゃぶりお姉さん(威猛淫姿的大姐姐)[177P],http://img.177pica.com/uploads/2015/05d/11114.jpg
[中文][まひるの影郎] むしゃぶりお姉さん(威猛淫姿的大姐姐)[177P],http://img.177pica.com/uploads/2015/05d/11214.jpg
[中文][まひるの影郎] むしゃぶりお姉さん(威猛淫姿的大姐姐)[177P],http://img.177pica.com/uploads/2015/05d/11314.jpg
[中文][まひるの影郎] むしゃぶりお姉さん(威猛淫姿的大姐姐)[177P],http://img.177pica.com/uploads/2015/05d/11414.jpg
[中文][まひるの影郎] むしゃぶりお姉さん(威猛淫姿的大姐姐)[177P],http://img.177pica.com/uploads/2015/05d/11514.jpg
[中文][まひるの影郎] むしゃぶりお姉さん(威猛淫姿的大姐姐)[177P],http://img.177pica.com/uploads/2015/05d/11614.jpg
[中文][まひるの影郎] むしゃぶりお姉さん(威猛淫姿的大姐姐)[177P],http://img.177pica.com/uploads/2015/05d/11714.jpg
[中文][まひるの影郎] むしゃぶりお姉さん(威猛淫姿的大姐姐)[177P],http://img.177pica.com/uploads/2015/05d/11814.jpg
[中文][まひるの影郎] むしゃぶりお姉さん(威猛淫姿的大姐姐)[177P],http://img.177pica.com/uploads/2015/05d/11914.jpg
[中文][まひるの影郎] むしゃぶりお姉さん(威猛淫姿的大姐姐)[177P],http://img.177pica.com/uploads/2015/05d/12014.jpg
[中文][まひるの影郎] むしゃぶりお姉さん(威猛淫姿的大姐姐)[177P],http://img.177pica.com/uploads/2015/05d/12114.jpg
[中文][まひるの影郎] むしゃぶりお姉さん(威猛淫姿的大姐姐)[177P],http://img.177pica.com/uploads/2015/05d/12214.jpg
[中文][まひるの影郎] むしゃぶりお姉さん(威猛淫姿的大姐姐)[177P],http://img.177pica.com/uploads/2015/05d/12314.jpg
[中文][まひるの影郎] むしゃぶりお姉さん(威猛淫姿的大姐姐)[177P],http://img.177pica.com/uploads/2015/05d/12414.jpg
[中文][まひるの影郎] むしゃぶりお姉さん(威猛淫姿的大姐姐)[177P],http://img.177pica.com/uploads/2015/05d/12514.jpg
[中文][まひるの影郎] むしゃぶりお姉さん(威猛淫姿的大姐姐)[177P],http://img.177pica.com/uploads/2015/05d/12614.jpg
[中文][まひるの影郎] むしゃぶりお姉さん(威猛淫姿的大姐姐)[177P],http://img.177pica.com/uploads/2015/05d/12714.jpg
[中文][まひるの影郎] むしゃぶりお姉さん(威猛淫姿的大姐姐)[177P],http://img.177pica.com/uploads/2015/05d/12814.jpg
[中文][まひるの影郎] むしゃぶりお姉さん(威猛淫姿的大姐姐)[177P],http://img.177pica.com/uploads/2015/05d/12914.jpg
[中文][まひるの影郎] むしゃぶりお姉さん(威猛淫姿的大姐姐)[177P],http://img.177pica.com/uploads/2015/05d/13014.jpg
[中文][まひるの影郎] むしゃぶりお姉さん(威猛淫姿的大姐姐)[177P],http://img.177pica.com/uploads/2015/05d/13114.jpg
[中文][まひるの影郎] むしゃぶりお姉さん(威猛淫姿的大姐姐)[177P],http://img.177pica.com/uploads/2015/05d/13214.jpg
[中文][まひるの影郎] むしゃぶりお姉さん(威猛淫姿的大姐姐)[177P],http://img.177pica.com/uploads/2015/05d/13314.jpg
[中文][まひるの影郎] むしゃぶりお姉さん(威猛淫姿的大姐姐)[177P],http://img.177pica.com/uploads/2015/05d/13414.jpg
[中文][まひるの影郎] むしゃぶりお姉さん(威猛淫姿的大姐姐)[177P],http://img.177pica.com/uploads/2015/05d/13514.jpg
[中文][まひるの影郎] むしゃぶりお姉さん(威猛淫姿的大姐姐)[177P],http://img.177pica.com/uploads/2015/05d/13614.jpg
[中文][まひるの影郎] むしゃぶりお姉さん(威猛淫姿的大姐姐)[177P],http://img.177pica.com/uploads/2015/05d/13714.jpg
[中文][まひるの影郎] むしゃぶりお姉さん(威猛淫姿的大姐姐)[177P],http://img.177pica.com/uploads/2015/05d/13814.jpg
[中文][まひるの影郎] むしゃぶりお姉さん(威猛淫姿的大姐姐)[177P],http://img.177pica.com/uploads/2015/05d/13914.jpg
[中文][まひるの影郎] むしゃぶりお姉さん(威猛淫姿的大姐姐)[177P],http://img.177pica.com/uploads/2015/05d/14014.jpg
[中文][まひるの影郎] むしゃぶりお姉さん(威猛淫姿的大姐姐)[177P],http://img.177pica.com/uploads/2015/05d/14114.jpg
[中文][まひるの影郎] むしゃぶりお姉さん(威猛淫姿的大姐姐)[177P],http://img.177pica.com/uploads/2015/05d/14214.jpg
[中文][まひるの影郎] むしゃぶりお姉さん(威猛淫姿的大姐姐)[177P],http://img.177pica.com/uploads/2015/05d/14314.jpg
[中文][まひるの影郎] むしゃぶりお姉さん(威猛淫姿的大姐姐)[177P],http://img.177pica.com/uploads/2015/05d/14414.jpg
[中文][まひるの影郎] むしゃぶりお姉さん(威猛淫姿的大姐姐)[177P],http://img.177pica.com/uploads/2015/05d/14514.jpg
[中文][まひるの影郎] むしゃぶりお姉さん(威猛淫姿的大姐姐)[177P],http://img.177pica.com/uploads/2015/05d/14614.jpg
[中文][まひるの影郎] むしゃぶりお姉さん(威猛淫姿的大姐姐)[177P],http://img.177pica.com/uploads/2015/05d/14714.jpg
[中文][まひるの影郎] むしゃぶりお姉さん(威猛淫姿的大姐姐)[177P],http://img.177pica.com/uploads/2015/05d/14813.jpg
[中文][まひるの影郎] むしゃぶりお姉さん(威猛淫姿的大姐姐)[177P],http://img.177pica.com/uploads/2015/05d/14913.jpg
[中文][まひるの影郎] むしゃぶりお姉さん(威猛淫姿的大姐姐)[177P],http://img.177pica.com/uploads/2015/05d/15013.jpg
[中文][まひるの影郎] むしゃぶりお姉さん(威猛淫姿的大姐姐)[177P],http://img.177pica.com/uploads/2015/05d/15113.jpg
[中文][まひるの影郎] むしゃぶりお姉さん(威猛淫姿的大姐姐)[177P],http://img.177pica.com/uploads/2015/05d/15213.jpg
[中文][まひるの影郎] むしゃぶりお姉さん(威猛淫姿的大姐姐)[177P],http://img.177pica.com/uploads/2015/05d/15313.jpg
[中文][まひるの影郎] むしゃぶりお姉さん(威猛淫姿的大姐姐)[177P],http://img.177pica.com/uploads/2015/05d/15413.jpg
[中文][まひるの影郎] むしゃぶりお姉さん(威猛淫姿的大姐姐)[177P],http://img.177pica.com/uploads/2015/05d/15513.jpg
[中文][まひるの影郎] むしゃぶりお姉さん(威猛淫姿的大姐姐)[177P],http://img.177pica.com/uploads/2015/05d/15613.jpg
[中文][まひるの影郎] むしゃぶりお姉さん(威猛淫姿的大姐姐)[177P],http://img.177pica.com/uploads/2015/05d/15713.jpg
[中文][まひるの影郎] むしゃぶりお姉さん(威猛淫姿的大姐姐)[177P],http://img.177pica.com/uploads/2015/05d/15813.jpg
[中文][まひるの影郎] むしゃぶりお姉さん(威猛淫姿的大姐姐)[177P],http://img.177pica.com/uploads/2015/05d/15913.jpg
[中文][まひるの影郎] むしゃぶりお姉さん(威猛淫姿的大姐姐)[177P],http://img.177pica.com/uploads/2015/05d/16013.jpg
[中文][まひるの影郎] むしゃぶりお姉さん(威猛淫姿的大姐姐)[177P],http://img.177pica.com/uploads/2015/05d/16113.jpg
[中文][まひるの影郎] むしゃぶりお姉さん(威猛淫姿的大姐姐)[177P],http://img.177pica.com/uploads/2015/05d/16213.jpg
[中文][まひるの影郎] むしゃぶりお姉さん(威猛淫姿的大姐姐)[177P],http://img.177pica.com/uploads/2015/05d/16313.jpg
[中文][まひるの影郎] むしゃぶりお姉さん(威猛淫姿的大姐姐)[177P],http://img.177pica.com/uploads/2015/05d/16413.jpg
[中文][まひるの影郎] むしゃぶりお姉さん(威猛淫姿的大姐姐)[177P],http://img.177pica.com/uploads/2015/05d/16513.jpg
[中文][まひるの影郎] むしゃぶりお姉さん(威猛淫姿的大姐姐)[177P],http://img.177pica.com/uploads/2015/05d/16613.jpg
[中文][まひるの影郎] むしゃぶりお姉さん(威猛淫姿的大姐姐)[177P],http://img.177pica.com/uploads/2015/05d/16713.jpg
[中文][まひるの影郎] むしゃぶりお姉さん(威猛淫姿的大姐姐)[177P],http://img.177pica.com/uploads/2015/05d/16813.jpg
[中文][まひるの影郎] むしゃぶりお姉さん(威猛淫姿的大姐姐)[177P],http://img.177pica.com/uploads/2015/05d/16913.jpg
[中文][まひるの影郎] むしゃぶりお姉さん(威猛淫姿的大姐姐)[177P],http://img.177pica.com/uploads/2015/05d/17013.jpg
[中文][まひるの影郎] むしゃぶりお姉さん(威猛淫姿的大姐姐)[177P],http://img.177pica.com/uploads/2015/05d/17113.jpg
[中文][まひるの影郎] むしゃぶりお姉さん(威猛淫姿的大姐姐)[177P],http://img.177pica.com/uploads/2015/05d/17213.jpg
[中文][まひるの影郎] むしゃぶりお姉さん(威猛淫姿的大姐姐)[177P],http://img.177pica.com/uploads/2015/05d/17313.jpg
[中文][まひるの影郎] むしゃぶりお姉さん(威猛淫姿的大姐姐)[177P],http://img.177pica.com/uploads/2015/05d/17413.jpg
[中文][まひるの影郎] むしゃぶりお姉さん(威猛淫姿的大姐姐)[177P],http://img.177pica.com/uploads/2015/05d/17513.jpg
[中文][まひるの影郎] むしゃぶりお姉さん(威猛淫姿的大姐姐)[177P],http://img.177pica.com/uploads/2015/05d/17613.jpg
