title,href
Feeling Her Big Boobs,https://www.xvideos.com/video43274421/feeling_her_big_boobs
Timtotan Lockdown Sex with my Big Boobs Babe,https://www.xvideos.com/video55259053/timtotan_lockdown_sex_with_my_big_boobs_babe
Beatiful Women Gets Fuck,https://www.xvideos.com/video36364951/beatiful_women_gets_fuck
Name???,https://www.xvideos.com/video66811131/name_
Britney Swallows' Ultimate HEAVY TITS DROP. Amateur Big Boobs Reveal! Real Homemade Selfie Flashing Video from OF Chicktrainer,https://www.xvideos.com/video64525647/britney_swallows_ultimate_heavy_tits_drop._amateur_big_boobs_reveal_real_homemade_selfie_flashing_video_from_of_chicktrainer
Public Agent hitch-hiker with fabulous big boobs fucking a big dick,https://www.xvideos.com/video69181197/public_agent_hitch-hiker_with_fabulous_big_boobs_fucking_a_big_dick
Big Boobs Big Booty BBW,https://www.xvideos.com/video30642171/big_boobs_big_booty_bbw
Big Boobed Blonde Bimbo Fucking Like There's No Tomorrow - Olivia Austin,https://www.xvideos.com/video63674649/big_boobed_blonde_bimbo_fucking_like_there_s_no_tomorrow_-_olivia_austin
Beautiful big boobs brunette fucked on love seat,https://www.xvideos.com/video26431541/beautiful_big_boobs_brunette_fucked_on_love_seat
Redhead with big boobs gets fucked hard,https://www.xvideos.com/video59403023/redhead_with_big_boobs_gets_fucked_hard
Lovely Mature Lady (Sandra Star) With Big Boobs In Sex Act Scene mov-23,https://www.xvideos.com/video30370191/lovely_mature_lady_sandra_star_with_big_boobs_in_sex_act_scene_mov-23
Step Son Acts Entitled To Stepmoms Body - Natasha Nice,https://www.xvideos.com/video70518775/step_son_acts_entitled_to_stepmoms_body_-_natasha_nice
Big Boobs - Tittyfuck - Ziomaraanddiego 41,https://www.xvideos.com/video22024107/big_boobs_-_tittyfuck_-_ziomaraanddiego_41
"MY BIG TITS STEPMOM DOESNT LET ME TO PLAY AT MOBILE, SHE SHOWS ME HER BOOBS ACCIDENTALLY AND WE FUCK",https://www.xvideos.com/video71509061/my_big_tits_stepmom_doesnt_let_me_to_play_at_mobile_she_shows_me_her_boobs_accidentally_and_we_fuck
Super nice big boobs milf on cam,https://www.xvideos.com/video32866727/super_nice_big_boobs_milf_on_cam
Big Ass Bouncing on My Cock after Tinder Date,https://www.xvideos.com/video59116759/big_ass_bouncing_on_my_cock_after_tinder_date
Raw insert my Asian dick to white 18yo pussy,https://www.xvideos.com/?k=big+boobs&premium=1
Young Hot Real Estate Agent with BIG BOOBS Sucks Cock to Sell House to Couple,https://www.xvideos.com/?k=big+boobs&premium=1
Marina Visconti getting her big tits hardcore fucked by Prime Cups,https://www.xvideos.com/?k=big+boobs&premium=1
BANGBROS - PAWG With Big Tits Sophie Dee Receives A Gooey Creampie,https://www.xvideos.com/?k=big+boobs&premium=1
Boobs compilation 2020,https://www.xvideos.com/video56260401/boobs_compilation_2020
Cheryl blossom lap Dance,https://www.xvideos.com/video56071961/cheryl_blossom_lap_dance
Big Boob Eva Notty Hardcore,https://www.xvideos.com/video19574723/big_boob_eva_notty_hardcore
Cum on Amy Anderssen's big boobs,https://www.xvideos.com/video14037861/cum_on_amy_anderssen_s_big_boobs
Real Cam girls! Asian slut makes You Cum in Private Show.,https://rpc-php.trafficfactory.biz/click/.3129Ee9ZxQyOz7rE4tw6mtifzLxY7RCLzfVKyZcNPnAUlM7gEmBD8MHO3Kj12WFdnnRcvd0FpGQumBTf5W4qBPNMIUCNumQy1eJQpyCuPl2DotmwwN74Y6V1OF4ypYDbDngFktdknx40rPpQmE0JxwzitiuEM8S3isDlZJrpgq6cvTrsNfpx_RokBFGqu77yGx0lPgPWz9dbN5TMgstJNwm_SAG2ufG7xiNHxGKGnA7i3BsBKsZOalFUfoSDr4bBxiqFiyD_SDCy-BqPnfSN1PtoBBk5N0ew3ASRkIL-ST7sr9tD-zqt6EJx_qIGBXT1oFWO7oau7_d_RgPd1V0ROQms-qAmHro2nVKuL_v85mtWysw=/232cc2871acf88efeab9896a80e83161
Young chick with nutbrown hair receives warm cum on her big pretty boobs,https://www.xvideos.com/video28278197/young_chick_with_nutbrown_hair_receives_warm_cum_on_her_big_pretty_boobs
dancing big boobs,https://www.xvideos.com/video725695/dancing_big_boobs
Hardcore Sex Action Scene With Big Round Boobs Slut Milf (Emma Butt) mov-14,https://www.xvideos.com/video26046221/hardcore_sex_action_scene_with_big_round_boobs_slut_milf_emma_butt_mov-14
Her natural big boobs are in full view on the street...,https://www.xvideos.com/video63313083/her_natural_big_boobs_are_in_full_view_on_the_street...
Busty Amateur MILF Sex,https://www.xvideos.com/video45052645/busty_amateur_milf_sex
Lauren22Hammellton big boobs,https://www.xvideos.com/video60532209/lauren22hammellton_big_boobs
big boob latina Ruby Monroe shares her boyfriends big black cock with her neighbor Asstyn,https://www.xvideos.com/video51148809/big_boob_latina_ruby_monroe_shares_her_boyfriends_big_black_cock_with_her_neighbor_asstyn
